1;Axmadova Aminat Ramzanovna
2;Ахмадова Аминат Рамзановна
3;Аминат Рамзановна Ахмадова
4;Akhmadova Aminat Ramzanovna
5;Aminat Ramzanovna Akhmadova
6;Ahmadova Aminat Ramzanovna
7;"АО ""САНАТОРИЙ ""БЕЛЫЕ НОЧИ"""
8;"АКЦИОНЕРНОЕ ОБЩЕСТВО ""САНАТОРИЙ ""БЕЛЫЕ НОЧИ"""
9;Belye Nochi' Sanatorium JSC
10;Vremena Goda LLC
11;"ООО ""Времена года"""
12;Testori LLC
13;"АО ""Тестори"""
14;"ООО ""Гарантия"""
15;Garantiia LLC
16;‘PH Uroven’ LLC
17;"ООО ""Пэаш Уровень"""
18;Thomas H. Kean
19;Kean
20;Thomas H. Kean Jr
21;Limited Liability Company ‘Grand Stroyi’
22;"ООО ""ГРАНД СТРОЙ"""
23;"ОБЩЕСТВО С ОГРАНИЧЕННОЙ ОТВЕТСТВЕННОСТЬЮ ""ГРАНД СТРОЙ"""
24;Grand Stroi LLC
25;Kostenko Jaryna Anatolijiwna
26;Kostenko Іrina Anatolіїvna
27;Kostenko Yarȳna Anatoliyivna
28;Irina Anatol'yevna Kostenko
29;Costenco Iryna Anatoliivna
30;Costenco Yaryna Anatoliivna
31;Kostenko Jaryna Anatoliyivna
32;Kostenko Iaryna Anatoliivna
33;Kostenko Irȳna Anatoliyivna
34;Kostenko Jaryna Anatolijivna
35;Kostenko Iryna Anatoliïvna
36;Kostenko Jarina Anatolijivna
37;Kostenko Jarina Anatoliivna
38;Kostenko Iryna Anatoliyivna
39;Kostenko Irene Anatol'yevna
40;Kostenko Irina Anatolijivna
41;Ирина Анатольевна Костенко
42;Kostenko Yaryna Anatoliyivna
43;Kostenko Irina Anatol′evna
44;Kostenko Iaryna Anatoliïvna
45;Kostenko Irina Anatol'yevna
46;Kostenko Iryna Anatoliivna
47;Kostenko Ìrina Anatolìïvna
48;Kostenko Ârina Anatolìïvna
49;Kostenko Yaryna Anatoliivna
50;Kostenko Iryna Anatolijivna
51;Костенко Ярина Анатоліївна
52;Kostenko Irina Anatol'evna
53;Костенко Ірина Анатоліївна
54;Костенко Ирина Анатольевна
55;Kostenko Irina Anatoliivna
56;Kostenko Iryna Anatolijiwna
57;Kostenko Irene Anatoliivna
58;Kostenko Irene Anatolіїvna
59;Kostenko Irina Anatolevna
60;Charity Foundation 'FMLITSEY'
61;"БЛАГОТВОРИТЕЛЬНЫЙ ФОНД ""ФМЛИЦЕЙ"""
62;"ООО ""ШИК ОДИН"""
63;"OOO ""SHIK ODIN"""
64;"ООО ""Игра Строй"""
65;Igra Stroi LLC
66;Kaping' Limited Liability Company
67;"ОБЩЕСТВО С ОГРАНИЧЕННОЙ ОТВЕТСТВЕННОСТЬЮ ""КАПИНГ"""
68;"ООО ""КАПИНГ"""
69;Kaping LLC
70;"ООО ""ГЛОБЭКС КАПИТАЛ"""
71;Globeks Kapital LLC
72;Avto Palas CJSC
73;"ЗАО ""АВТО ПАЛАС"""
74;Lana LLC
75;"ООО ""ЛАНА"""
76;Oreol LLC
77;"ООО ""Ореол"""
78;State Unitary Enterprise ‘Ingushregionvodokanal’
79;"ГУП ""ИНГУШРЕГИОНВОДОКАНАЛ"""
80;"ГОСУДАРСТВЕННОЕ УНИТАРНОЕ ПРЕДПРИЯТИЕ ""ИНГУШРЕГИОНВОДОКАНАЛ"""
81;Demydovytch Vasyliy Mykolayovytch
82;Demydowytsch Wasylij Mykolajowytsch
83;Demydovych Vasylii Mykolaiovych
84;Demidovich Vasili Nikolaevich
85;Demydovych Vasyliy Mykolayovych
86;Demydovyč Vasylij Mykolajovyč
87;Demidovich Vasiliy Nikolaevich
88;Demydovych Vasyliy Mykolayovych
89;Demydovych Vasylij Mykolajovych
90;Demidovič Vasilìj Mikolajovič
91;Demidovich Vasily Nikolaevich
92;Демидович Василій Миколайович
93;Demidovič Vasilij Mikolajovič
94;Demidovič Vasilìj Mikolajovič
95;Демидович Василий Николаевич
96;Демидович Василь Миколайович
97;Demidovich Vasilij Mikolajovich
98;Demȳdovȳch Vasȳliĭ Mȳkolaĭovȳch
99;Demydovych Vasylii Mycolaiovych
100;Demȳdovȳch Vasȳliĭ Mȳkolaĭovȳch